樣本序號,登記機關代碼,登記機關,案件類別,債務人名稱,抵押權人名稱,登記編號,案件狀態,登記核准日期,變更核准日期,註銷日期,契約啟始日期,契約終止日期,擔保債權金額合計,擔保債權金額明細,標的物所有人,標的物所在地,動產明細項數,是否最高限額,是否浮動擔保,標的物種類
1,0202,高雄市政府經濟發展局,附條件買賣,杰程工程有限公司,一銀租賃股份有限公司,高市經發工附字第7672號,效期內,114/07/11,,,114/06/27,124/06/27,14319091,"順位1 一銀租賃股份有限公司 擔保債權金額  14,319,091新台幣；標的物所有人名稱： 一銀租賃股份有限公司 擔保債權金額： 14,319,091 
								(新台幣)",,高雄市大寮區溪寮路11-9號,1,否,,1、機器設備或工具
2,0202,高雄市政府經濟發展局,附條件買賣,杰億股份有限公司,日盛台駿國際租賃股份有限公司,高市經發工附字第7660號,效期內,114/06/30,,,114/06/26,144/06/25,993600,"順位1 日盛台駿國際租賃股份有限公司 擔保債權金額  993,600新台幣；標的物所有人名稱： 日盛台駿國際租賃股份有限公司 擔保債權金額： 993,600 
								(新台幣)",,高雄市鳳山區過雄街42號1樓,1,否,,1、機器設備或工具
3,0202,高雄市政府經濟發展局,附條件買賣,杰峰企業行負責人鄧宛杰,日盛台駿國際租賃股份有限公司,高市經發工附字第6821號,效期內,112/08/03,,,112/07/26,142/07/25,5184000,"順位1 日盛台駿國際租賃股份有限公司 擔保債權金額  5,184,000新台幣；標的物所有人名稱： 日盛台駿國際租賃股份有限公司 擔保債權金額： 5,184,000 
								(新台幣)",,高雄市鹽埕區大義街115號,1,否,,1、機器設備或工具
4,0202,高雄市政府經濟發展局,附條件買賣,杰峰企業行負責人鄧宛杰,日盛台駿國際租賃股份有限公司,高市經發工附字第6615號,效期內,112/01/31,,,112/01/17,142/01/16,3650000,"順位1 日盛台駿國際租賃股份有限公司 擔保債權金額  3,650,000新台幣；標的物所有人名稱： 日盛台駿國際租賃股份有限公司 擔保債權金額： 3,650,000 
								(新台幣)",,高雄市鹽埕區大義街115號,1,否,,1、機器設備或工具
5,0202,高雄市政府經濟發展局,附條件買賣,杰鵬機械工程股份有限公司,盟諭股份有限公司,高市經發工附字第5761號,已過效期未註銷,110/07/15,,,110/03/30,112/03/29,7323806,"順位1 盟諭股份有限公司 擔保債權金額  7,323,806新台幣；標的物所有人名稱： 盟諭股份有限公司 擔保債權金額： 7,323,806 
								(新台幣)",,高雄市林園區中門路85號,1,否,,1、機器設備或工具
6,0202,高雄市政府經濟發展局,動產抵押,杰富工程行負責人許宗明,和潤企業股份有限公司,高市經發工動字第8552號,效期內,110/01/22,,,110/01/21,120/01/20,1713600,"順位1 和潤企業股份有限公司 擔保債權金額  1,713,600新台幣；標的物所有人名稱： 杰富工程行負責人許宗明 擔保債權金額： 1,713,600 
								(新台幣)",,高雄市苓雅區武信街17巷17號,1,是,,1、機器設備或工具
7,0202,高雄市政府經濟發展局,動產抵押,杰伸興業有限公司,中租迪和股份有限公司,高市經發工動字第3472號,已過效期未註銷,102/03/04,,,102/02/19,113/03/31,,"標的物所有人名稱： 杰伸興業有限公司 擔保債權金額： 2,400,000 
								(新台幣)",,高雄市苓雅區民權一路32巷10號5樓,1,否,,1、機器設備或工具
8,0202,高雄市政府經濟發展局,動產抵押,杰威爾實業股份有限公司,和潤企業股份有限公司,高市經發工動字第14143號,效期內,115/02/11,,,115/02/03,125/02/02,4788000,"順位1 和潤企業股份有限公司 擔保債權金額  4,788,000新台幣；標的物所有人名稱： 杰威爾實業股份有限公司 擔保債權金額： 4,788,000 
								(新台幣)",,高雄市新興區和平一路199號1樓,1,是,,1、機器設備或工具
9,0202,高雄市政府經濟發展局,動產抵押,杰運企業社負責人林祠杰,和潤企業股份有限公司,高市經發工動字第13798號,效期內,114/10/21,,,114/10/14,124/10/13,840000,"順位1 和潤企業股份有限公司 擔保債權金額  840,000新台幣；標的物所有人名稱： 杰運企業社負責人林祠杰 擔保債權金額： 840,000 
								(新台幣)",,高雄市鳳山區海涵路392號,1,是,,1、機器設備或工具
10,0202,高雄市政府經濟發展局,動產抵押,杰輝鋼鐵有限公司,新鑫股份有限公司,高市經發工動字第13692號,效期內,114/09/16,,,114/09/12,124/09/12,10391000,"順位1 新鑫股份有限公司 擔保債權金額  10,391,000新台幣；標的物所有人名稱： 杰輝鋼鐵有限公司 擔保債權金額： 10,391,000 
								(新台幣)",,高雄市大樹區大坑里大坑路112-10號,1,是,,1、機器設備或工具
11,0301,經濟部產業發展署,附條件買賣,杰瑞客科技有限公司,新鑫股份有限公司,經授（中）附字第045353號,效期內,108/05/22,,,108/05/20,118/05/20,1603193,"順位1 新鑫股份有限公司 擔保債權金額  1,603,193新台幣；標的物所有人名稱： 新鑫股份有限公司 擔保債權金額： 1,603,193 
								(新台幣)",,新竹縣竹北市東興路二段849號,1,否,,1、機器設備或工具
12,0301,經濟部產業發展署,附條件買賣,杰瑞客科技有限公司,新鑫股份有限公司,經授（中）附字第044639號,效期內,107/06/22,,,107/06/19,117/06/19,4596000,"順位1 新鑫股份有限公司 擔保債權金額  4,596,000新台幣；標的物所有人名稱： 新鑫股份有限公司 擔保債權金額： 4,596,000 
								(新台幣)",,新竹縣竹北市東興路2段849號,2,否,,1、機器設備或工具
13,0301,經濟部產業發展署,附條件買賣,杰倫工業有限公司,中租迪和股份有限公司,經授（中）附字第043686號,已過效期未註銷,106/04/14,,,106/03/23,109/05/25,255780,"順位1 中租迪和股份有限公司 擔保債權金額  255,780新台幣；標的物所有人名稱： 中租迪和股份有限公司 擔保債權金額： 255,780 
								(新台幣)",,彰化縣鹿港鎮溝墘里溝墘巷168號,1,否,,1、機器設備或工具
14,0301,經濟部產業發展署,附條件買賣,杰鑫營造有限公司,日盛台駿國際租賃股份有限公司,經授（中）附字第040872號,效期內,102/10/03,115/09/10,,110/09/27,116/09/26,1656000,"順位1 日盛台駿國際租賃股份有限公司 擔保債權金額  1,656,000新台幣；標的物所有人名稱： 日盛台駿國際租賃股份有限公司 擔保債權金額： 1,656,000 
								(新台幣)",,雲林縣土庫鎮順天里新建路6之11號1樓,2,否,,1、機器設備或工具
15,0301,經濟部產業發展署,動產抵押,杰豐企業社負責人王祐豐,合迪股份有限公司,經授（中）動字第108566號,已過效期未註銷,102/09/30,,,102/09/16,112/12/31,3000000,"(順位1 合迪股份有限公司  擔保債權金額 3000000)；標的物所有人名稱： 擔保債權金額： 3,000,000 
								(新台幣)",,雲林縣大埤鄉豐田村延平路3段6-27號1樓,1,否,,1、機器設備或工具
16,0301,經濟部產業發展署,動產抵押,杰棋工程有限公司,和潤企業股份有限公司,經授(產)動字第143240號,效期內,115/07/24,,,115/07/24,125/07/23,600000,"順位1 和潤企業股份有限公司 擔保債權金額  600,000新台幣；標的物所有人名稱： 杰棋工程有限公司 擔保債權金額： 600,000 
								(新台幣)",,宜蘭縣五結鄉協和村傳藝路一段456巷72號1樓,1,是,,1、機器設備或工具
17,0301,經濟部產業發展署,動產抵押,杰宇工業股份有限公司,新鑫股份有限公司,經授(產)動字第140643號,效期內,114/10/07,,,114/09/30,124/09/30,4795936,"順位1 新鑫股份有限公司 擔保債權金額  4,795,936新台幣；標的物所有人名稱： 杰宇工業股份有限公司 擔保債權金額： 4,795,936 
								(新台幣)",,南投縣南投市仁和路143號,10,是,,1、機器設備或工具
18,0301,經濟部產業發展署,動產抵押,杰爾遜精密有限公司,中租迪和股份有限公司,經授(產)動字第140542號,效期內,114/09/23,,,114/09/05,134/12/31,3500000,"順位1 中租迪和股份有限公司 擔保債權金額  3,500,000新台幣；標的物所有人名稱： 杰爾遜精密有限公司 擔保債權金額： 3,500,000 
								(新台幣)",,雲林縣虎尾鎮平和里平和24-26號,8,是,,1、機器設備或工具
19,0301,經濟部產業發展署,動產抵押,杰鴻生技股份有限公司,和潤企業股份有限公司,經授(產)動字第140539號,效期內,114/09/23,,,114/09/18,124/09/17,1083600,"順位1 和潤企業股份有限公司 擔保債權金額  1,083,600新台幣；標的物所有人名稱： 杰鴻生技股份有限公司 擔保債權金額： 1,083,600 
								(新台幣)",,宜蘭縣五結鄉利工一路2段116巷13號,1,是,,1、機器設備或工具
20,0301,經濟部產業發展署,動產抵押,杰宇工業股份有限公司,新鑫股份有限公司,經授(產)動字第139953號,效期內,114/07/17,,,114/07/14,124/07/14,16519294,"順位1 新鑫股份有限公司 擔保債權金額  16,519,294新台幣；標的物所有人名稱： 杰宇工業股份有限公司 擔保債權金額： 16,519,294 
								(新台幣)",,南投縣南投市仁和路143號,11,是,,1、機器設備或工具
21,0301,經濟部產業發展署,動產抵押,杰銘國際事業有限公司,和潤電能股份有限公司,經授(產)動字第139812號,效期內,114/07/02,,,114/06/30,134/06/30,19549530,"順位1 和潤電能股份有限公司 擔保債權金額  19,549,530新台幣；標的物所有人名稱： 杰銘國際事業有限公司 擔保債權金額： 19,549,530 
								(新台幣)",,南投縣水里鄉南湖路2號,6,是,,1、機器設備或工具
22,0301,經濟部產業發展署,動產抵押,杰銘國際事業有限公司,和潤電能股份有限公司,經授(產)動字第139527號,效期內,114/05/29,,,114/05/23,134/05/23,995293,"順位1 和潤電能股份有限公司 擔保債權金額  995,293新台幣；標的物所有人名稱： 杰銘國際事業有限公司 擔保債權金額： 995,293 
								(新台幣)",,南投縣水里鄉南湖路2號,3,是,,1、機器設備或工具
23,0301,經濟部產業發展署,動產抵押,杰銘國際事業有限公司,和潤電能股份有限公司,經授(產)動字第138848號,已過效期未註銷,114/03/14,,,114/03/06,115/03/06,3138200,"順位1 和潤電能股份有限公司 擔保債權金額  3,138,200新台幣；標的物所有人名稱： 杰銘國際事業有限公司 擔保債權金額： 3,138,200 
								(新台幣)",,南投縣水里鄉南湖路2號,3,是,,1、機器設備或工具
24,0301,經濟部產業發展署,動產抵押,杰銘國際事業有限公司,和潤電能股份有限公司,經授(產)動字第136961號,已過效期未註銷,113/08/21,,,113/08/08,114/08/08,23691623,"順位1 和潤電能股份有限公司 擔保債權金額  23,691,623新台幣；標的物所有人名稱： 杰銘國際事業有限公司 擔保債權金額： 23,691,623 
								(新台幣)",,南投縣水里鄉南湖路2號,8,是,,1、機器設備或工具
25,0301,經濟部產業發展署,附條件買賣,杰特立精密有限公司,和潤企業股份有限公司,經授(中)附字第046788號,效期內,110/02/01,,,110/01/07,120/01/06,531500,"順位1 和潤企業股份有限公司 擔保債權金額  531,500新台幣；標的物所有人名稱： 和潤企業股份有限公司 擔保債權金額： 531,500 
								(新台幣)",,新竹市內湖路158之6號,3,否,,1、機器設備或工具
26,0301,經濟部產業發展署,附條件買賣,杰特立精密有限公司,和潤企業股份有限公司,經授(中)附字第046753號,效期內,110/01/19,,,110/01/07,120/01/06,2096000,"順位1 和潤企業股份有限公司 擔保債權金額  2,096,000新台幣；標的物所有人名稱： 和潤企業股份有限公司 擔保債權金額： 2,096,000 
								(新台幣)",,新竹市內湖路158之6號,1,否,,1、機器設備或工具
27,0301,經濟部產業發展署,附條件買賣,杰豐企業社負責人王祐豐,日盛台駿國際租賃股份有限公司,經授(中)附字第040395號,效期內,102/04/25,115/04/22,,102/04/22,116/04/21,1656000,"順位1 日盛台駿國際租賃股份有限公司 擔保債權金額  1,656,000新台幣；標的物所有人名稱： 日盛台駿國際租賃股份有限公司 擔保債權金額： 1,656,000 
								(新台幣)",,雲林縣大埤鄉豐田村延平路3段6之27號1樓,1,否,,1、機器設備或工具
28,0301,經濟部產業發展署,附條件買賣,杰豐企業社負責人王祐豐,日盛台駿國際租賃股份有限公司,經授(中)附字第040299號,效期內,102/03/14,115/03/05,,114/03/08,116/03/07,1670400,"順位1 日盛台駿國際租賃股份有限公司 擔保債權金額  1,670,400新台幣；標的物所有人名稱： 日盛台駿國際租賃股份有限公司 擔保債權金額： 1,670,400 
								(新台幣)",,雲林縣大埤鄉豐田村延平路3段6之27號1樓,1,否,,1、機器設備或工具
29,0301,經濟部產業發展署,動產抵押,杰爾遜精密有限公司,和潤企業股份有限公司,經授(中)動字第133046號,效期內,112/07/31,,,112/07/28,122/07/27,1020000,"順位1 和潤企業股份有限公司 擔保債權金額  1,020,000新台幣；標的物所有人名稱： 杰爾遜精密有限公司 擔保債權金額： 1,020,000 
								(新台幣)",,雲林縣虎尾鎮平和里平和24-26號,1,是,,1、機器設備或工具
30,0301,經濟部產業發展署,動產抵押,杰爾遜精密有限公司,和潤企業股份有限公司,經授(中)動字第131654號,效期內,112/03/17,,,112/03/16,122/03/15,1801800,"順位1 和潤企業股份有限公司 擔保債權金額  1,801,800新台幣；標的物所有人名稱： 杰爾遜精密有限公司 擔保債權金額： 1,801,800 
								(新台幣)",,雲林縣虎尾鎮平和里平和24-26號,2,是,,1、機器設備或工具
31,0301,經濟部產業發展署,動產抵押,杰豐企業社負責人王祐豐,合迪股份有限公司,經授(中)動字第106415號,已過效期未註銷,101/08/27,,,101/08/15,113/03/31,2286000,"(順位1 合迪股份有限公司  擔保債權金額 2286000)；標的物所有人名稱： 擔保債權金額： 2,286,000 
								(新台幣)",,雲林縣大埤鄉豐田村延平路3段6之27號1樓,1,否,,1、機器設備或工具
32,0301,經濟部產業發展署,動產抵押,杰豐企業社負責人王祐豐,合迪股份有限公司,經授(中)動字第103661號,已過效期未註銷,100/05/10,,,100/05/05,112/03/31,1440000,"(順位1 合迪股份有限公司  擔保債權金額 1440000)；標的物所有人名稱： 擔保債權金額： 1,440,000 
								(新台幣)",,南投縣集集鎮八張里八張街113號1樓,1,否,,1、機器設備或工具
33,3101,新北市政府經濟發展局,動產抵押,杰昌國際開發有限公司,上海商業儲蓄銀行股份有限公司三重分行,經授(中)動字第099275號,已過效期未註銷,099/02/05,099/02/25,,099/02/05,108/02/04,,標的物所有人名稱： 杰昌國際開發有限公司 擔保債權金額： (新台幣),,新莊區福營路227巷8號,0,,,
34,0301,經濟部產業發展署,動產抵押,杰宏企業社負責人張詠翰,新鑫股份有限公司,經授 ( 中 ) 動字第111615號,已過效期未註銷,104/05/15,,,104/05/13,108/12/15,2030000,"(順位1 新鑫股份有限公司 擔保債權金額  2030000)；標的物所有人名稱： 杰宏企業社負責人張詠翰 擔保債權金額： 2,030,000 
								(新台幣)",,彰化縣永靖鄉五汴村五汴巷１４１弄１１號,2,是,,1、機器設備或工具
35,3101,新北市政府經濟發展局,動產抵押,杰葳科技有限公司,新鑫股份有限公司,新北經登動字第007993號,效期內,114/09/01,,,114/08/22,124/08/22,1651200,"順位1 新鑫股份有限公司 擔保債權金額  1,651,200新台幣；標的物所有人名稱： 杰葳科技有限公司 擔保債權金額： 1,651,200 
								(新台幣)",,新北市中和區員山路514巷22號2樓,1,是,,1、機器設備或工具
36,3101,新北市政府經濟發展局,動產抵押,杰鴻企業社負責人潘秀姍,新鑫股份有限公司,新北經登動字第007924號,效期內,114/07/28,,,114/07/24,124/07/24,1275850,"順位1 新鑫股份有限公司 擔保債權金額  637,925新台幣 順位1 新鑫股份有限公司 擔保債權金額  637,925新台幣；標的物所有人名稱： 杰鴻企業社負責人潘秀姍 擔保債權金額： 1,275,850 
								(新台幣)",,新北市樹林區豐林街28巷2號1樓,5,是,,1、機器設備或工具
37,3101,新北市政府經濟發展局,動產抵押,杰鴻企業社負責人潘秀姍,新鑫股份有限公司,新北經登動字第007903號,效期內,114/07/22,,,114/07/18,124/07/18,5789637,"順位1 新鑫股份有限公司 擔保債權金額  5,789,637新台幣；標的物所有人名稱： 杰鴻企業社負責人潘秀姍 擔保債權金額： 5,789,637 
								(新台幣)",,新北市樹林區豐林街28巷2號1樓,1,是,,1、機器設備或工具
38,3101,新北市政府經濟發展局,動產抵押,杰鋒有限公司,中國信託商業銀行股份有限公司城東,建一動字第058297號,已過效期未註銷,087/06/17,,,087/05/14,097/05/13,,標的物所有人名稱： 擔保債權金額： (新台幣),,新北市,0,,,
39,3101,新北市政府經濟發展局,動產抵押,杰泰晉業股份有限公司,大眾商業銀行新莊分行,建一動字第054258號,已過效期未註銷,086/06/05,,,086/05/30,093/05/29,,標的物所有人名稱： 擔保債權金額： (新台幣),,新北市,0,,,
40,3201,桃園市政府,附條件買賣,杰煇工程行負責人孫勤惠,合迪股份有限公司,府經登附字第000689號,效期內,106/01/16,,,105/12/29,115/12/31,1056000,"(順位1 合迪股份有限公司 擔保債權金額  1,056,000新台幣)；標的物所有人名稱： 合迪股份有限公司 擔保債權金額： 1,056,000 
								(新台幣)",,桃園市平鎮區廣達里廣平街18巷10號1樓,1,否,,1、機器設備或工具
41,3201,桃園市政府,動產抵押,杰美企業有限公司,新鑫股份有限公司,府經登動字第006131號,效期內,113/11/25,,,113/11/22,123/11/22,5552000,"順位1 新鑫股份有限公司 擔保債權金額  5,552,000新台幣；標的物所有人名稱： 杰美企業有限公司 擔保債權金額： 5,552,000 
								(新台幣)",,桃園市大園區大工路35號,1,是,,1、機器設備或工具
42,3201,桃園市政府,動產抵押,杰毅國際股份有限公司,中租迪和股份有限公司,府經登動字第005818號,效期內,113/07/10,,,113/06/27,125/06/28,2160000,"順位1 中租迪和股份有限公司 擔保債權金額  2,160,000新台幣；標的物所有人名稱： 杰毅國際股份有限公司 擔保債權金額： 2,160,000 
								(新台幣)",,桃園市蘆竹區愛國一路95號1樓,1,是,,1、機器設備或工具
43,2101,臺南市政府經濟發展局,附條件買賣,杰昇精密實業社負責人林秉翰,徐建平,府經工商附字第000571號,已過效期未註銷,103/12/01,104/04/20,,103/11/28,105/11/28,1700000,"(順位1 徐建平  擔保債權金額 1700000)；標的物所有人名稱： 擔保債權金額： 1,700,000 
								(新台幣)",,臺南市歸仁區保大路三段366巷32之6號,1,否,,1、機器設備或工具
44,2101,臺南市政府經濟發展局,動產抵押,杰瀚有限公司,華南商業銀行股份有限公司,府經工商動字第003366號,已過效期未註銷,107/07/23,,,107/07/16,115/07/16,4300000,"順位1 華南商業銀行股份有限公司 擔保債權金額  4,300,000新台幣；標的物所有人名稱： 杰瀚有限公司 擔保債權金額： 4,300,000 
								(新台幣)",,臺南市永康區中正二街169巷5號,1,是,,1、機器設備或工具
45,1701,臺中市政府經濟發展局,附條件買賣,杰洋工業有限公司,中租迪和股份有限公司,府授經登附字第007263號,效期內,112/10/16,,,112/09/28,126/09/30,9864000,"順位1 中租迪和股份有限公司 擔保債權金額  9,864,000新台幣；標的物所有人名稱： 中租迪和股份有限公司 擔保債權金額： 9,864,000 
								(新台幣)",,臺中市太平區光隆里正光街209-6號,1,否,,1、機器設備或工具
46,1701,臺中市政府經濟發展局,附條件買賣,杰棣工程有限公司,日盛國際租賃股份有限公司,府授經登附字第006741號,效期內,111/09/23,,,111/09/19,141/09/18,4518000,"順位1 日盛國際租賃股份有限公司 擔保債權金額  4,518,000新台幣；標的物所有人名稱： 日盛國際租賃股份有限公司 擔保債權金額： 4,518,000 
								(新台幣)",,臺中市太平區振福路300巷20號1樓,1,是,,1、機器設備或工具
47,1701,臺中市政府經濟發展局,附條件買賣,杰洋工業有限公司,中租迪和股份有限公司,府授經登附字第006428號,效期內,111/03/16,,,111/03/07,124/03/31,608400,"順位1 中租迪和股份有限公司 擔保債權金額  608,400新台幣；標的物所有人名稱： 中租迪和股份有限公司 擔保債權金額： 608,400 
								(新台幣)",,臺中市太平區正光街209之3號,1,否,,1、機器設備或工具
48,1701,臺中市政府經濟發展局,附條件買賣,杰鵬機械工程股份有限公司,祥豪五金有限公司,府授經登附字第005914號,已過效期未註銷,110/07/21,,,110/03/28,112/03/27,597614,"順位1 祥豪五金有限公司 擔保債權金額  597,614新台幣；標的物所有人名稱： 祥豪五金有限公司 擔保債權金額： 597,614 
								(新台幣)",,臺中市梧棲區臨港路三段160號,1,否,,1、機器設備或工具
49,1701,臺中市政府經濟發展局,動產抵押,杰鋒有限公司,中租迪和股份有限公司,府授經登動字第013983號,效期內,114/06/17,,,114/06/05,124/12/31,1800000,"順位1 中租迪和股份有限公司 擔保債權金額  1,800,000新台幣；標的物所有人名稱： 杰鋒有限公司 擔保債權金額： 1,800,000 
								(新台幣)",,臺中市大里區西湖路230號之5,1,是,,1、機器設備或工具
50,1701,臺中市政府經濟發展局,動產抵押,杰祐有限公司,新鑫股份有限公司,府授經登動字第013737號,效期內,114/04/07,,,114/03/25,124/03/25,24409979,"順位1 新鑫股份有限公司 擔保債權金額  24,409,979新台幣；標的物所有人名稱： 杰祐有限公司 擔保債權金額： 24,409,979 
								(新台幣)",,臺中市太平區永豐路327巷5號／永豐路327巷2號,1,是,,1、機器設備或工具
51,1701,臺中市政府經濟發展局,動產抵押,杰洋工業有限公司,中租迪和股份有限公司,府授經登動字第011826號,效期內,112/10/20,,,112/09/25,119/12/31,9600000,"順位1 中租迪和股份有限公司 擔保債權金額  9,600,000新台幣；標的物所有人名稱： 富傑工業社負責人張廖靖湄 擔保債權金額： 9,600,000 
								(新台幣)",,臺中市太平區正光街209之6號,1,是,,1、機器設備或工具
52,1701,臺中市政府經濟發展局,動產抵押,杰能營造有限公司,新鑫股份有限公司,府授經登動字第011196號,效期內,112/04/28,,,112/04/20,122/04/20,1670400,"順位1 新鑫股份有限公司 擔保債權金額  1,670,400新台幣；標的物所有人名稱： 杰能營造有限公司 擔保債權金額： 1,670,400 
								(新台幣)",,臺中市太平區宜欣路52巷16號,1,是,,1、機器設備或工具
53,1701,臺中市政府經濟發展局,動產抵押,杰瑪股份有限公司,台中商業銀行股份有限公司大肚分行,府授經工動字第000738號,已過效期未註銷,101/04/24,101/05/21,,101/04/16,111/04/15,20400000,"(順位1 台中商業銀行股份有限公司大肚分行  擔保債權金額 20400000)；標的物所有人名稱： 擔保債權金額： 20,400,000 
								(新台幣)",,臺中市大肚區王田里沙田路一段208巷60號,1,否,,1、機器設備或工具
54,0202,高雄市政府經濟發展局,附條件買賣,杰星科技有限公司,中租迪和股份有限公司,工(中)附字第034708號,已過效期未註銷,097/02/25,,,097/02/15,100/02/20,,"標的物所有人名稱： 中租迪和股份有限公司 擔保債權金額： 1,453,800 
								(新台幣)",,高雄市仁武區仁孝路407巷8號,1,否,,1、機器設備或工具
55,1701,臺中市政府經濟發展局,附條件買賣,杰銳股份有限公司,台灣歐力士股份有限公司,工(中)附字第030538號,已過效期未註銷,094/09/29,,,094/09/21,104/09/21,1675440,"(順位1 台灣歐力士股份有限公司  擔保債權金額 1675440)；標的物所有人名稱： 擔保債權金額： 1,675,440 
								(新台幣)",,臺中市后里區四月路13之1號,1,否,,1、機器設備或工具
56,2101,臺南市政府經濟發展局,動產抵押,杰瀚有限公司,臺灣中小企業銀行股份有限公司永康分行,工(中)動字第093786號,已過效期未註銷,097/03/21,,,097/03/20,104/03/20,3500000,"(順位1 臺灣中小企業銀行股份有限公司永康分行  擔保債權金額 3500000)；標的物所有人名稱： 擔保債權金額： 3,500,000 
								(新台幣)",,臺南市永康區中正2街169巷5號,1,否,,1、機器設備或工具
57,3101,新北市政府經濟發展局,動產抵押,杰秦有限公司,臺灣中小企業銀行股份有限公司迴龍分行,工(中)動字第092244號,已過效期未註銷,096/10/11,,,096/10/05,103/10/04,,標的物所有人名稱： 杰秦有限公司 擔保債權金額： (新台幣),,樹林區三龍街101巷2號,0,,,
58,3101,新北市政府經濟發展局,動產抵押,杰遠企業有限公司,花蓮區中小企業銀行股份有限公司桃園分行,工(中)動字第084379號,已過效期未註銷,094/08/01,,,094/07/26,099/07/25,,標的物所有人名稱： 杰遠企業有限公司 擔保債權金額： (新台幣),,土城區日新街66號,0,,,
59,0202,高雄市政府經濟發展局,動產抵押,杰勳工業有限公司,巨原金屬有限公司,工(中)動字第074317號,已過效期未註銷,091/10/28,,,091/09/20,095/01/31,,"標的物所有人名稱： 杰勳工業有限公司 擔保債權金額： 2,002,668 
								(新台幣)",,高雄市橋頭鄉芋林路321號,6,是,,1、機器設備或工具
60,0202,高雄市政府經濟發展局,動產抵押,杰勳工業有限公司,中泰租賃股份有限公司,工(中)動字第069062號,已過效期未註銷,090/01/09,,,089/09/07,091/01/15,,"標的物所有人名稱： 杰勳工業有限公司 擔保債權金額： 17,350,074 
								(新台幣)",,高雄市橋頭區芋林路321號,27,是,,1、機器設備或工具
61,2101,臺南市政府經濟發展局,動產抵押,杰捷企業社負責人杜碩商,屏東縣里港鄉農會,南市經工動字第009142號,效期內,113/11/29,,,113/11/21,133/11/20,9600000,"順位1 屏東縣里港鄉農會 擔保債權金額  9,600,000新台幣；標的物所有人名稱： 杰捷企業社負責人杜碩商 擔保債權金額： 9,600,000 
								(新台幣)",,臺南市學甲區宅子港段165-1478地號,1,是,,1、機器設備或工具
62,0101,臺北市政府產業發展局,動產抵押,杰膚美診所負責人李杰年,台新大安租賃股份有限公司,動7342,效期內,115/04/09,,,115/03/31,123/02/28,3137400,"順位1 台新大安租賃股份有限公司 擔保債權金額  3,137,400新台幣；標的物所有人名稱： 杰膚美診所負責人李杰年 擔保債權金額： 3,137,400 
								(新台幣)",,臺北市中山區復興北路50號2樓、4樓,1,是,,1、機器設備或工具
63,0101,臺北市政府產業發展局,動產抵押,杰膚美診所負責人李杰年,台新大安租賃股份有限公司,動7298,效期內,115/03/06,,,115/02/26,122/01/26,2061240,"順位1 台新大安租賃股份有限公司 擔保債權金額  2,061,240新台幣；標的物所有人名稱： 杰膚美診所負責人李杰年 擔保債權金額： 2,061,240 
								(新台幣)",,臺北市中山區復興北路50號2樓、4樓,1,是,,1、機器設備或工具
64,0101,臺北市政府產業發展局,動產抵押,杰膚美學有限公司,台新大安租賃股份有限公司,動7259,效期內,115/01/29,,,115/01/08,121/11/30,597804,"順位1 台新大安租賃股份有限公司 擔保債權金額  597,804新台幣；標的物所有人名稱： 杰膚美學有限公司 擔保債權金額： 597,804 
								(新台幣)",,臺北市中山區復興北路50號2樓,1,是,,1、機器設備或工具
65,0101,臺北市政府產業發展局,動產抵押,杰膚美學有限公司,台新大安租賃股份有限公司,動7226,效期內,115/01/14,,,114/12/29,121/11/30,1339908,"順位1 台新大安租賃股份有限公司 擔保債權金額  1,339,908新台幣；標的物所有人名稱： 杰膚美學有限公司 擔保債權金額： 1,339,908 
								(新台幣)",,臺北市中山區復興北路50號2樓,1,是,,1、機器設備或工具
66,0101,臺北市政府產業發展局,動產抵押,杰膚美學有限公司,台新大安租賃股份有限公司,動5776,效期內,111/10/07,,,111/10/03,119/09/30,3740400,"順位1 台新大安租賃股份有限公司 擔保債權金額  3,740,400新台幣；標的物所有人名稱： 杰膚美學有限公司 擔保債權金額： 3,740,400 
								(新台幣)",,臺北市中山區復興北路50號2樓,1,是,,1、機器設備或工具
67,0101,臺北市政府產業發展局,動產抵押,杰襄文化事業有限公司,中租迪和股份有限公司,動4847,已過效期未註銷,105/02/04,,,105/01/23,115/01/23,1440000,"(順位1 中租迪和股份有限公司 擔保債權金額  1440000新台幣)；標的物所有人名稱： 杰襄文化事業有限公司 擔保債權金額： 1,440,000 
								(新台幣)",,臺北市中正區金門街12巷17號,1,是,,1、機器設備或工具
68,5001,交通部公路局,動產抵押,杰莫,長鴻國際企業股份有限公司,82-115-424-1(12544),效期內,115/07/28,,,115/07/27,125/07/27,,"標的物所有人名稱： 杰莫(車牌號碼:MNV-7850) 擔保債權金額： 88,440 
								(新台幣)",,905-屏東縣里港鄉 載興村新民路１１之６號,1,,,1、汽車、大型重型機器腳踏車及拖車
69,5001,交通部公路局,動產抵押,杰羅米,東元金融科技股份有限公司,82-115-424-1(10294),效期內,115/06/23,,,115/06/22,135/06/22,,"標的物所有人名稱： 杰羅米(車牌號碼:MFG-2119) 擔保債權金額： 44,124 
								(新台幣)",,931-屏東縣佳冬鄉 石光村石光街７８號,1,,,1、汽車、大型重型機器腳踏車及拖車
70,5001,交通部公路局,動產抵押,杰羅姆,長鴻國際企業股份有限公司,82-115-424-1(05217),效期內,115/03/31,,,115/03/30,125/03/30,,"標的物所有人名稱： 杰羅姆(車牌號碼:MMW-7001) 擔保債權金額： 69,456 
								(新台幣)",,905-屏東縣里港鄉 載興村民生路１１之６號,1,,,1、汽車、大型重型機器腳踏車及拖車
71,5001,交通部公路局,動產抵押,杰弗桑,東元金融科技股份有限公司,82-115-424-1(02944),效期內,115/02/12,,,115/02/12,135/02/12,,"標的物所有人名稱： 杰弗桑(車牌號碼:NPW-1960) 擔保債權金額： 66,228 
								(新台幣)",,900-屏東縣屏東市 建國路２１３之５號,1,,,1、汽車、大型重型機器腳踏車及拖車
72,5001,交通部公路局,動產抵押,杰運企業社,台新國際商業銀行股份有限公司,82-115-424-1(01369),效期內,115/01/22,,,115/01/19,125/01/19,,"標的物所有人名稱： 杰運企業社(車牌號碼:BSG-7735) 擔保債權金額： 1,905,000 
								(新台幣)",,943-屏東縣獅子鄉 內獅村內獅巷６１之２號,1,,,1、汽車、大型重型機器腳踏車及拖車
73,5001,交通部公路局,動產抵押,杰元青果行,裕融企業股份有限公司,81-112-424-1(07902),效期內,112/11/10,,,112/11/08,122/11/08,,"標的物所有人名稱： 杰元青果行(車牌號碼:4310-ZY) 擔保債權金額： 1,100,000 
								(新台幣)",,955-臺東縣鹿野鄉 永安村鹿寮路１號,1,,,1、汽車、大型重型機器腳踏車及拖車
74,5001,交通部公路局,動產抵押,杰洛米,東元金融科技股份有限公司,80-115-424-1(18605),效期內,115/09/22,,,115/09/21,135/09/21,,"標的物所有人名稱： 杰洛米(車牌號碼:NXQ-0957) 擔保債權金額： 127,386 
								(新台幣)",,815-高雄市大社區 中正路５７０號,1,,,1、汽車、大型重型機器腳踏車及拖車
75,5001,交通部公路局,動產抵押,杰利麥,東元金融科技股份有限公司,80-115-424-1(18312),效期內,115/09/19,,,115/09/16,135/09/16,,"標的物所有人名稱： 杰利麥(車牌號碼:LAF-7530) 擔保債權金額： 88,545 
								(新台幣)",,829-高雄市湖內區 長春四街２號,1,,,1、汽車、大型重型機器腳踏車及拖車
76,5001,交通部公路局,動產抵押,杰運租車有限公司,和潤企業股份有限公司,80-115-424-1(17746),效期內,115/09/09,,,115/09/08,130/09/08,,"標的物所有人名稱： 杰運租車有限公司(車牌號碼:RGF-5930) 擔保債權金額： 2,078,000 
								(新台幣)",,814-高雄市仁武區 高楠公路２８號,1,,,1、汽車、大型重型機器腳踏車及拖車
77,5001,交通部公路局,動產抵押,杰運租車有限公司,和潤企業股份有限公司,80-115-424-1(17695),效期內,115/09/09,,,115/09/07,130/09/07,,"標的物所有人名稱： 杰運租車有限公司(車牌號碼:REE-6701) 擔保債權金額： 2,460,000 
								(新台幣)",,814-高雄市仁武區 高楠公路２８號,1,,,1、汽車、大型重型機器腳踏車及拖車
78,5001,交通部公路局,動產抵押,杰森,長鴻國際企業股份有限公司,80-115-424-1(17666),效期內,115/09/09,,,115/09/07,125/09/07,,"標的物所有人名稱： 杰森(車牌號碼:PBQ-1952) 擔保債權金額： 90,000 
								(新台幣)",,815-高雄市大社區 旗楠路８０巷６０號,1,,,1、汽車、大型重型機器腳踏車及拖車
79,5001,交通部公路局,動產抵押,杰米,裕融企業股份有限公司,80-115-424-1(15556),效期內,115/08/10,,,115/08/05,125/08/05,,"標的物所有人名稱： 杰米(車牌號碼:AVM-3801) 擔保債權金額： 520,000 
								(新台幣)",,814-高雄市仁武區 綠園新村３８－１號,1,,,1、汽車、大型重型機器腳踏車及拖車
80,5001,交通部公路局,動產抵押,杰運租車有限公司,和潤企業股份有限公司,80-115-424-1(15533),效期內,115/08/10,,,115/08/03,130/08/03,,"標的物所有人名稱： 杰運租車有限公司(車牌號碼:RGF-5852) 擔保債權金額： 480,000 
								(新台幣)",,814-高雄市仁武區 高楠公路２８號,1,,,1、汽車、大型重型機器腳踏車及拖車
81,5001,交通部公路局,動產抵押,杰羅,和潤企業股份有限公司,80-115-424-1(14625),效期內,115/07/29,,,115/07/28,130/07/28,,"標的物所有人名稱： 杰羅(車牌號碼:PLK-7395) 擔保債權金額： 90,000 
								(新台幣)",,815-高雄市大社區 中山路２６０號,1,,,1、汽車、大型重型機器腳踏車及拖車
82,5001,交通部公路局,動產抵押,杰芙,長鴻國際企業股份有限公司,80-115-424-1(14529),效期內,115/07/28,,,115/07/27,125/07/27,,"標的物所有人名稱： 杰芙(車牌號碼:NJM-6935) 擔保債權金額： 90,000 
								(新台幣)",,820-高雄市岡山區 前和路３３號,1,,,1、汽車、大型重型機器腳踏車及拖車
83,5001,交通部公路局,動產抵押,杰森,遠信國際資融股份有限公司,80-115-424-1(14237),效期內,115/07/23,,,115/07/21,125/07/21,,"標的物所有人名稱： 杰森(車牌號碼:PHK-2183) 擔保債權金額： 90,000 
								(新台幣)",,821-高雄市路竹區 中山路１８２１號,1,,,1、汽車、大型重型機器腳踏車及拖車
84,5001,交通部公路局,動產抵押,杰依,長鴻國際企業股份有限公司,80-115-424-1(13931),效期內,115/07/21,,,115/07/17,125/07/17,,"標的物所有人名稱： 杰依(車牌號碼:MSH-9818) 擔保債權金額： 89,712 
								(新台幣)",,820-高雄市岡山區 前和路３３號,1,,,1、汽車、大型重型機器腳踏車及拖車
85,5001,交通部公路局,動產抵押,杰拉,裕富數位資融股份有限公司,80-115-424-1(13908),效期內,115/07/21,,,115/07/17,125/07/17,,"標的物所有人名稱： 杰拉(車牌號碼:PLK-3937) 擔保債權金額： 90,000 
								(新台幣)",,821-高雄市路竹區 中山路１８２１號,1,,,1、汽車、大型重型機器腳踏車及拖車
86,5001,交通部公路局,動產抵押,杰馬,和潤企業股份有限公司,80-115-424-1(13717),效期內,115/07/17,,,115/07/08,130/07/08,,"標的物所有人名稱： 杰馬(車牌號碼:PJN-9638) 擔保債權金額： 90,000 
								(新台幣)",,820-高雄市岡山區 新樂街１９５號,1,,,1、汽車、大型重型機器腳踏車及拖車
87,5001,交通部公路局,動產抵押,杰運租車有限公司,和潤企業股份有限公司,80-115-424-1(12408),效期內,115/07/03,,,115/06/23,130/06/23,,"標的物所有人名稱： 杰運租車有限公司(車牌號碼:RFZ-3071) 擔保債權金額： 1,040,000 
								(新台幣)",,814-高雄市仁武區 高楠公路２８號,1,,,1、汽車、大型重型機器腳踏車及拖車
88,5001,交通部公路局,動產抵押,杰運租車有限公司,和潤企業股份有限公司,80-115-424-1(12403),效期內,115/07/03,,,115/06/26,130/06/26,,"標的物所有人名稱： 杰運租車有限公司(車牌號碼:RFZ-3135) 擔保債權金額： 2,400,000 
								(新台幣)",,814-高雄市仁武區 高楠公路２８號,1,,,1、汽車、大型重型機器腳踏車及拖車
89,5001,交通部公路局,動產抵押,杰力克,長鴻國際企業股份有限公司,80-115-424-1(12265),效期內,115/07/01,,,115/06/25,125/06/25,,"標的物所有人名稱： 杰力克(車牌號碼:NVQ-2711) 擔保債權金額： 76,176 
								(新台幣)",,828-高雄市永安區 維新路光明五巷１８號,1,,,1、汽車、大型重型機器腳踏車及拖車
90,5001,交通部公路局,動產抵押,杰運租車有限公司,和潤企業股份有限公司,80-115-424-1(11285),效期內,115/06/12,,,115/06/08,130/06/08,,"標的物所有人名稱： 杰運租車有限公司(車牌號碼:RFZ-3082) 擔保債權金額： 2,019,200 
								(新台幣)",,814-高雄市仁武區 高楠公路２８號,1,,,1、汽車、大型重型機器腳踏車及拖車
91,5001,交通部公路局,動產抵押,杰倫,長鴻國際企業股份有限公司,80-115-424-1(11066),效期內,115/06/09,,,115/06/08,125/06/08,,"標的物所有人名稱： 杰倫(車牌號碼:PDC-5190) 擔保債權金額： 90,000 
								(新台幣)",,820-高雄市岡山區 新庄路５２之１號,1,,,1、汽車、大型重型機器腳踏車及拖車
92,5001,交通部公路局,動產抵押,杰西,東元金融科技股份有限公司,80-115-424-1(10584),效期內,115/06/04,,,115/06/02,135/06/02,,"標的物所有人名稱： 杰西(車牌號碼:MSN-9111) 擔保債權金額： 63,624 
								(新台幣)",,820-高雄市岡山區 仁壽里中華路２４號,1,,,1、汽車、大型重型機器腳踏車及拖車
93,5001,交通部公路局,動產抵押,杰適美企業有限公司,匯豐汽車股份有限公司,80-115-424-1(10289),效期內,115/05/29,,,115/05/28,125/05/28,,"標的物所有人名稱： 杰適美企業有限公司(車牌號碼:BZJ-0806) 擔保債權金額： 1,000,000 
								(新台幣)",,830-高雄市鳳山區 鳳仁路８６之２號,1,,,1、汽車、大型重型機器腳踏車及拖車
94,5001,交通部公路局,動產抵押,杰福瑞,長鴻國際企業股份有限公司,80-115-424-1(08595),效期內,115/05/06,,,115/05/04,125/05/04,,"標的物所有人名稱： 杰福瑞(車牌號碼:NNY-2397) 擔保債權金額： 90,000 
								(新台幣)",,815-高雄市大社區 旗楠路８０巷６０號,1,,,1、汽車、大型重型機器腳踏車及拖車
95,5001,交通部公路局,動產抵押,杰運租車有限公司,和潤企業股份有限公司,80-115-424-1(08286),效期內,115/05/01,,,115/04/23,130/04/23,,"標的物所有人名稱： 杰運租車有限公司(車牌號碼:RFD-3261) 擔保債權金額： 1,660,000 
								(新台幣)",,814-高雄市仁武區 高楠公路２８號,1,,,1、汽車、大型重型機器腳踏車及拖車
96,5001,交通部公路局,動產抵押,杰林工程行,陽信商業銀行股份有限公司,80-115-424-1(08140),效期內,115/05/01,,,115/04/27,125/04/27,,"標的物所有人名稱： 杰林工程行(車牌號碼:BPN-7962) 擔保債權金額： 600,000 
								(新台幣)",,829-高雄市湖內區 和平路１４５之１號１樓,1,,,1、汽車、大型重型機器腳踏車及拖車
97,5001,交通部公路局,動產抵押,杰洛米,簡瑟倫,80-115-424-1(07774),效期內,115/04/27,,,115/04/17,125/04/17,,"標的物所有人名稱： 杰洛米(車牌號碼:PGN-6997) 擔保債權金額： 64,000 
								(新台幣)",,831-高雄市大寮區 大同街７９３巷２號,1,,,1、汽車、大型重型機器腳踏車及拖車
98,5001,交通部公路局,動產抵押,杰瑞克,簡瑟倫,80-115-424-1(05217),效期內,115/03/20,,,115/03/02,125/03/02,,"標的物所有人名稱： 杰瑞克(車牌號碼:MYD-5923) 擔保債權金額： 65,000 
								(新台幣)",,820-高雄市岡山區 華崗路１４０巷３號,1,,,1、汽車、大型重型機器腳踏車及拖車
99,5001,交通部公路局,動產抵押,杰尹,長鴻國際企業股份有限公司,80-115-424-1(05191),效期內,115/03/19,,,115/02/09,125/02/09,,"標的物所有人名稱： 杰尹(車牌號碼:MSK-2268) 擔保債權金額： 51,780 
								(新台幣)",,828-高雄市永安區 維新路光明１０巷４５號,1,,,1、汽車、大型重型機器腳踏車及拖車
100,5001,交通部公路局,動產抵押,杰運租車有限公司,和潤企業股份有限公司,80-115-424-1(05176),效期內,115/03/19,,,115/03/12,130/03/12,,"標的物所有人名稱： 杰運租車有限公司(車牌號碼:RFV-7671) 擔保債權金額： 1,750,000 
								(新台幣)",,814-高雄市仁武區 高楠公路２８號,1,,,1、汽車、大型重型機器腳踏車及拖車
